"Code ISO_3","Numéro","Continent rattaché","State","État","Superficie 2007","Superficie 2012","Pop 2007","Pop 2008","Pop 2009","Pop 2010","Pop 2011","Pop 2012","Pop 2013","Pop 2014","Pop 2015","Pop 2016","Pop 2017","Pop 2018","Pop 2019","Pop 2020","Pop 2021","Pop 2022","Pop 2023","Pop 2024","Pop 2025","Pop 2026","Densité 2007","Densité 2008","Densité 2009","Densité 2010","Densité 2011","Densité 2012","Densité 2013","Densité 2014","Densité 2015","Densité 2016","Densité 2017","Densité 2018","Densité 2019","Densité 2020","Densité 2021","Densité 2022","Densité 2023","Densité 2024","Densité 2025","Densité 2026"
"afg",1,"Asie","Afghanistan","Afghanistan",653000,653000,31100000,31900000,32700000,28400000,29100000,32400000,33400000,30600000,30600000,32200000,33300000,34200000,34900000,38000000,38900000,39800000,41100000,42200000,42600000,43800000,48,49,50,43,45,50,51,47,47,49,51,52,53,58,60,61,63,65,65,67
"zaf",2,"Afrique","South Africa","Afrique du Sud",1222000,1222000,47300000,47900000,48300000,50700000,50500000,50500000,50700000,53000000,53000000,55000000,55000000,55400000,57400000,58600000,59300000,60000000,58900000,60400000,64000000,64700000,39,39,40,41,41,41,41,43,43,45,45,45,47,48,49,49,48,49,52,53
"alb",3,"Europe","Albania","Albanie",29000,29000,3200000,3200000,3200000,3200000,3200000,3200000,3200000,2800000,2800000,2900000,2900000,2900000,2900000,2900000,2900000,2870000,2800000,2800000,2700000,2700000,110,110,110,110,110,110,110,97,97,100,100,100,100,100,100,99,97,97,93,93
"dza",4,"Afrique","Algeria","Algérie",2384000,2384000,33500000,34100000,34700000,35400000,35400000,36000000,36500000,38300000,38300000,39900000,40400000,41100000,42000000,43100000,43100000,44600000,44900000,45600000,46800000,47400000,14,14,15,15,15,15,15,16,16,17,17,17,18,18,18,19,19,19,20,20
"deu",5,"Europe","Germany","Allemagne",357000,357000,82400000,82300000,82200000,82000000,82000000,81800000,82000000,80600000,80600000,81100000,80700000,80600000,82300000,83500000,83800000,83800000,83400000,83300000,84500000,84000000,231,231,230,230,230,229,230,226,226,227,226,226,231,234,235,235,234,233,237,235
"and",6,"Europe","Andorra","Andorre",468,468,,,,,,,,78000,79000,80000,80000,80000,76965,80000,80000,77000,78000,80000,80000,86280,,,,,,,,167,169,171,171,171,164,171,171,165,167,171,171,184
"ago",7,"Afrique","Angola","Angola",1248000,1248000,15800000,16300000,16800000,17100000,19000000,19600000,20200000,21600000,21600000,25000000,25800000,26700000,30800000,31800000,32900000,33900000,35600000,36600000,37800000,39000000,13,13,13,14,15,16,16,17,17,20,21,21,25,25,26,27,29,29,30,31
"atg",8,"Amérique","Antigua and Barbuda","Antigua-et-Barbuda",442,442,,,,,,,,90000,90000,90000,93000,94000,103000,97000,98000,99000,94000,94000,94000,94000,,,,,,,,204,204,204,210,213,233,219,222,224,213,213,213,213
"sau",9,"Asie","Saudi Arabia","Arabie Saoudite",2152000,2152000,24100000,27600000,28100000,28700000,26200000,27900000,28700000,30100000,30100000,31600000,32100000,32700000,33500000,34300000,34800000,35300000,36400000,36900000,33900000,34500000,11,13,13,13,12,13,13,14,14,15,15,15,16,16,16,16,17,17,16,16
"arg",10,"Amérique","Argentina","Argentine",2784000,2784000,39000000,39400000,39700000,40300000,40700000,40500000,41100000,41300000,41300000,42400000,43800000,44300000,44700000,44800000,45200000,45600000,45500000,45700000,45600000,45800000,14,14,14,14,15,15,15,15,15,15,16,16,16,16,16,16,16,16,16,16
"arm",11,"Asie","Armenia","Arménie",30000,30000,3000000,3000000,3100000,3100000,3100000,3100000,3100000,3000000,3000000,3000000,3000000,3000000,2900000,3000000,3000000,2900000,2800000,2700000,2900000,2900000,100,100,103,103,103,103,103,100,100,100,100,100,97,100,100,97,93,90,97,97
"aus",12,"Océanie","Australia","Australie",7750000,7750000,20600000,21000000,21300000,21900000,21500000,22700000,22900000,23100000,21300000,23900000,24300000,24600000,24800000,25200000,25500000,25700000,26200000,31600000,26700000,26900000,3,3,3,3,3,3,3,3,3,3,3,3,3,3,3,3,3,4,3,3
"aut",13,"Europe","Austria","Autriche",84000,84000,8300000,8300000,8400000,8400000,8400000,8400000,8400000,8500000,8500000,8600000,8600000,8600000,8700000,9000000,9000000,9000000,9000000,9000000,9100000,9100000,99,99,100,100,100,100,100,101,101,102,102,102,104,107,107,107,107,107,108,108
"aze",14,"Asie","Azerbaijan","Azerbaïdjan",87000,87000,8500000,8600000,8700000,8800000,8900000,9200000,9400000,9400000,9400000,9700000,9900000,10000000,9900000,10000000,10200000,10200000,10400000,10400000,10300000,10300000,98,99,100,101,102,106,108,108,108,111,114,115,114,115,117,117,120,120,118,118
"bhs",15,"Amérique","Bahamas","Bahamas",14000,14000,300000,300000,300000,300000,300000,400000,400000,350000,350000,380000,393000,397000,399000,389000,393000,397000,410000,413000,401000,403000,21,21,21,21,21,29,29,25,25,27,28,28,28,28,28,28,29,30,29,29
"bhr",16,"Asie","Bahrain","Bahreïn",700,700,700000,800000,800000,1200000,800000,1300000,1400000,1100000,1100000,1400000,1400000,1400000,1600000,1600000,1700000,1700000,1400000,1500000,1600000,1600000,1000,1143,1143,1714,1143,1857,2000,1571,1571,2000,2000,2000,2286,2286,2429,2429,2000,2143,2286,2286
"bgd",17,"Asie","Bangladesh","Bangladesh",144000,144000,146600000,149000000,147300000,162200000,164400000,150700000,152400000,156600000,156600000,160400000,162900000,164800000,166700000,163000000,164700000,166300000,171200000,173000000,173500000,175600000,1018,1035,1023,1126,1142,1047,1058,1088,1088,1114,1131,1144,1158,1132,1144,1155,1189,1201,1205,1219
"bel",18,"Europe","Belgium","Belgique",31000,31000,10500000,10600000,10700000,10800000,10700000,11000000,10800000,11200000,11200000,11200000,11400000,11400000,11500000,11500000,11600000,11600000,11700000,11600000,11700000,11700000,339,342,345,348,345,355,348,361,361,361,368,368,371,371,374,374,377,374,377,377
"blz",19,"Amérique","Belize","Belize",23000,23000,300000,300000,300000,300000,300000,300000,300000,330000,330000,370000,367000,375000,382000,390000,398000,405000,405000,411000,417000,423000,13,13,13,13,13,13,13,14,14,16,16,16,17,17,17,18,18,18,18,18
"ben",20,"Afrique","Benin","Bénin",113000,113000,8700000,9000000,9300000,8900000,9200000,9100000,9400000,9600000,9600000,10600000,11200000,11500000,11500000,11800000,12100000,12400000,17500000,13700000,14400000,14800000,77,80,82,79,81,81,83,85,85,94,99,102,102,104,107,110,155,121,127,131
"btn",21,"Asie","Bhutan","Bhoutan",47000,47000,900000,900000,700000,700000,700000,700000,800000,700000,700000,800000,784000,793000,801000,800000,800000,780000,780000,787000,792000,797000,19,19,15,15,15,15,17,15,15,17,17,17,17,17,17,17,17,17,17,17
"blr",22,"Europe","Belarus","Biélorussie",208000,208000,9700000,9700000,9700000,9700000,9600000,9500000,9500000,9500000,9500000,9500000,9500000,9500000,9400000,9500000,9400000,9400000,9500000,9500000,9000000,8900000,47,47,47,47,46,46,46,46,46,46,46,46,45,46,45,45,46,46,43,43
"bol",23,"Amérique","Bolivia","Bolivie",1100000,1100000,9100000,9800000,10000000,9900000,10000000,10100000,10200000,11000000,11000000,10500000,10800000,11100000,11200000,11500000,11700000,11800000,12200000,12300000,12400000,12500000,8,9,9,9,9,9,9,10,10,10,10,10,10,10,11,11,11,11,11,11
"bih",24,"Europe","Bosnia and Herzegovina","Bosnie-Herzégovine",51000,51000,3900000,3800000,3800000,3800000,3800000,3800000,3800000,3800000,3800000,3700000,3800000,3800000,3500000,3300000,3300000,3200000,3200000,3200000,3100000,3100000,76,75,75,75,75,75,75,75,75,73,75,75,69,65,65,63,63,63,61,61
"bwa",25,"Afrique","Botswana","Botswana",582000,582000,1800000,1800000,1800000,2000000,2000000,2000000,2100000,1900000,1900000,2100000,2300000,2300000,2300000,2300000,2300000,2300000,2600000,2600000,2500000,2500000,3,3,3,3,3,3,4,3,3,4,4,4,4,4,4,4,4,4,4,4
"bra",26,"Amérique","Brazil","Brésil",8557000,8557000,186800000,189300000,195100000,195100000,195400000,196700000,198400000,195500000,195500000,204500000,209600000,211200000,212900000,211100000,212500000,213900000,215300000,216400000,211900000,212800000,22,22,23,23,23,23,23,23,23,24,24,25,25,25,25,25,25,25,25,25
"brn",27,"Asie","Brunei","Brunei",6000,6000,400000,400000,400000,400000,400000,400000,400000,410000,410000,410000,429000,434000,434000,430000,437000,442000,450000,453000,463000,466000,67,67,67,67,67,67,67,68,68,68,72,72,72,72,73,74,75,76,77,78
"bgr",28,"Europe","Bulgaria","Bulgarie",111000,111000,7700000,7700000,7600000,7600000,7500000,7500000,7400000,7300000,7300000,7200000,7100000,7000000,7000000,7000000,7000000,6900000,6800000,6600000,6700000,6700000,69,69,68,68,68,68,67,66,66,65,64,63,63,63,63,62,61,59,60,60
"bfa",29,"Afrique","Burkina Faso","Burkina Faso",274000,274000,13600000,14800000,15200000,15800000,16300000,17000000,17500000,18000000,18000000,18500000,18600000,19200000,19700000,20300000,21000000,21400000,22600000,23200000,23500000,24000000,50,54,55,58,59,62,64,66,66,68,68,70,72,74,77,78,82,85,86,88
"bdi",30,"Afrique","Burundi","Burundi",28000,28000,7800000,8500000,8900000,8300000,8500000,10200000,8700000,10900000,10900000,10700000,11500000,12000000,11200000,11500000,11900000,12200000,12900000,13200000,14000000,14300000,279,304,318,296,304,364,311,389,389,382,411,429,400,411,425,436,461,471,500,511
"khm",31,"Asie","Cambodia","Cambodge",181000,181000,14100000,14400000,14700000,14800000,15000000,14700000,14500000,14400000,14400000,15400000,15800000,16100000,16200000,16500000,16700000,16900000,16800000,16900000,17600000,17800000,78,80,81,82,83,81,80,80,80,85,87,89,90,91,92,93,93,93,97,98
"cmr",32,"Afrique","Cameroon","Cameroun",476000,476000,17300000,18100000,18500000,18900000,19900000,20100000,20500000,21500000,21500000,23700000,23900000,24500000,24700000,25900000,26500000,27200000,27900000,28600000,29100000,29800000,36,38,39,40,42,42,43,45,45,50,50,51,52,54,56,57,59,60,61,63
"can",33,"Amérique","Canada","Canada",9982000,9982000,32600000,32900000,33300000,33700000,33900000,34500000,34700000,35300000,35300000,35800000,36300000,36600000,37000000,37400000,37700000,38000000,38400000,38700000,39700000,40100000,3,3,3,3,3,3,3,4,4,4,4,4,4,4,4,4,4,4,4,4
"cpv",34,"Afrique","Cape Verde","Cap-Vert",4000,4000,500000,500000,500000,500000,500000,500000,500000,500000,500000,500000,527000,533000,553000,500000,560000,562000,593000,599000,525000,527000,125,125,125,125,125,125,125,125,125,125,132,133,138,125,140,140,148,150,131,132
"chl",35,"Amérique","Chile","Chili",757000,757000,16400000,16600000,16800000,17000000,17100000,17300000,17400000,17600000,17600000,18000000,18000000,18300000,18500000,19000000,19100000,19200000,19600000,19600000,19700000,19800000,22,22,22,22,23,23,23,23,23,24,24,24,24,25,25,25,26,26,26,26
"chn",36,"Asie","China","Chine",9584000,9584000,1311400000,1318000000,1325000000,1338000000,1354000000,1353000000,1354000000,1360000000,1360000000,1370000000,1380000000,1390000000,1410000000,1430000000,1440000000,1440000000,1420000000,1426000000,1400000000,1400000000,137,138,138,140,141,141,141,142,142,143,144,145,147,149,150,150,148,149,146,146
"cyp",37,"Europe","Cyprus","Chypre",9000,9000,1000000,1000000,1100000,1100000,1100000,1100000,1100000,1100000,1100000,1200000,1200000,1200000,1200000,1200000,1200000,1200000,1200000,1200000,1300000,933500,111,111,122,122,122,122,122,122,122,133,133,133,133,133,133,133,133,133,144,104
"col",38,"Amérique","Colombia","Colombie",1140000,1140000,46800000,46200000,44400000,45100000,46300000,46900000,47600000,48000000,48000000,48200000,48600000,49100000,49500000,50300000,50900000,51200000,51800000,52000000,52800000,53400000,41,41,39,40,41,41,42,42,42,42,43,43,43,44,45,45,45,46,46,47
"com",39,"Afrique","Comoros","Comores",2200,2200,700000,700000,700000,700000,700000,800000,800000,800000,800000,800000,807000,826000,832000,900000,900000,888000,837000,852000,867000,883000,318,318,318,318,318,364,364,364,364,364,367,375,378,409,409,404,380,387,394,401
"cog",40,"Afrique","Republic of the Congo","Congo",342000,342000,3700000,3800000,3800000,3700000,3800000,4100000,4200000,4400000,4400000,4800000,4700000,4900000,5400000,5400000,5500000,5600000,6000000,6100000,6300000,6400000,11,11,11,11,11,12,12,13,13,14,14,14,16,16,16,16,18,18,18,19
"prk",41,"Asie","North Korea","Corée du Nord",121000,121000,23100000,23300000,23500000,22700000,24000000,24500000,24600000,24700000,24700000,25000000,25300000,25400000,25600000,25700000,25700000,25800000,26100000,26100000,26400000,26500000,191,193,194,188,198,202,203,204,204,207,209,210,212,212,212,213,216,216,218,219
"kor",42,"Asie","South Korea","Corée du Sud",99000,99000,48500000,48500000,48600000,48700000,48500000,49000000,48600000,50200000,50200000,50700000,50500000,50700000,51200000,51200000,51300000,51300000,51800000,51800000,51700000,51600000,490,490,491,492,490,495,491,507,507,512,510,512,517,517,518,518,523,523,522,521
"cri",43,"Amérique","Costa Rica","Costa Rica",51000,51000,4300000,4500000,4500000,4500000,4600000,4700000,4800000,4700000,4700000,4800000,4800000,4900000,4900000,5000000,5000000,5100000,5200000,5200000,5100000,5100000,84,88,88,88,90,92,94,92,92,94,94,96,96,98,98,100,102,102,100,100
"civ",44,"Afrique","Cote d'Ivoire","Côte d'Ivoire",323000,323000,19700000,20200000,20700000,21400000,21600000,22600000,20600000,21100000,21100000,23300000,23300000,23800000,24900000,25700000,26400000,27000000,28200000,28800000,31900000,32700000,61,63,64,66,67,70,64,65,65,72,72,74,77,80,82,84,87,89,99,101
"hrv",45,"Europe","Croatia","Croatie",57000,57000,4400000,4400000,4400000,4400000,4400000,4400000,4400000,4300000,4300000,4200000,4200000,4200000,4200000,4100000,4200000,4000000,4000000,4000000,3800000,3800000,77,77,77,77,77,77,77,75,75,74,74,74,74,72,74,70,70,70,67,67
"cub",46,"Amérique","Cuba","Cuba",111000,111000,11300000,11200000,11200000,11200000,11200000,11200000,11200000,11300000,11300000,11100000,11400000,11400000,11500000,11300000,11300000,11300000,11200000,11200000,10900000,10900000,102,101,101,101,101,101,101,102,102,100,103,103,104,102,102,102,101,101,98,98
"dnk",47,"Europe","Denmark","Danemark",43000,43000,5400000,5500000,5500000,5500000,5500000,5600000,5600000,5600000,5600000,5700000,5700000,5700000,5700000,5800000,5800000,5800000,5900000,5900000,5900000,6000000,126,128,128,128,128,130,130,130,130,133,133,133,133,135,135,135,137,137,137,140
"dji",48,"Afrique","Djibouti","Djibouti",23000,23000,800000,800000,800000,900000,900000,900000,900000,900000,900000,900000,900000,911000,971000,1000000,1000000,1000000,1100000,1100000,1100000,1100000,35,35,35,39,39,39,39,39,39,39,39,40,42,43,43,43,48,48,48,48
"dma",49,"Amérique","Dominica","Dominique",49000,49000,,,,,,,,,10300000,70000,70000,70000,73543,73543,73543,72000,72000,72000,72500,72000,,,,,,,,,210,1,1,1,2,2,2,1,1,1,1,1
"egy",50,"Afrique","Egypt","Égypte",1003000,1003000,75400000,73400000,74900000,78600000,84500000,82600000,84000000,84700000,84700000,89100000,93400000,95200000,99400000,100400000,102300000,104500000,111000000,112700000,116500000,118300000,75,73,75,78,84,82,84,84,84,89,93,95,99,100,102,104,111,112,116,118
"are",51,"Asie","United Arab Emirates","Émirats arabes unis",84000,84000,4900000,4400000,4500000,5100000,4700000,8100000,8100000,9300000,9300000,9600000,9300000,9400000,9500000,9800000,9900000,9900000,9400000,9500000,11000000,11300000,58,52,54,61,56,96,96,111,111,114,111,112,113,117,118,118,112,113,131,135
"ecu",52,"Amérique","Ecuador","Équateur",284000,284000,13300000,13500000,13800000,13600000,13800000,14700000,14900000,15800000,15800000,16300000,16400000,16600000,16900000,17400000,17600000,17800000,18000000,18100000,18100000,18200000,47,48,49,48,49,52,52,56,56,57,58,58,60,61,62,63,63,64,64,64
"eri",53,"Afrique","Eritrea","Érythrée",118000,118000,4600000,4900000,5000000,5100000,5200000,5900000,5600000,5800000,5800000,5200000,5300000,5500000,5200000,3500000,3500000,3600000,3700000,3700000,3500000,3600000,39,42,42,43,44,50,47,49,49,44,45,47,44,30,30,31,31,31,30,31
"esp",54,"Europe","Spain","Espagne",507000,507000,45500000,45300000,46500000,46900000,45300000,46200000,46700000,46600000,46600000,46400000,46100000,46100000,46400000,46700000,46700000,46700000,47600000,47500000,47900000,47800000,90,89,92,93,89,91,92,92,92,92,91,91,92,92,92,92,94,94,94,94
"est",55,"Europe","Estonia","Estonie",45000,45000,1300000,1300000,1300000,1300000,1300000,1300000,1300000,1300000,1300000,1300000,1300000,1300000,1300000,1300000,1300000,1300000,1300000,1300000,1300000,1300000,29,29,29,29,29,29,29,29,29,29,29,29,29,29,29,29,29,29,29,29
"fsm",56,"Océanie","Micronesia","États fédérés de Micronésie",702,702,,,,110000,110000,100000,100000,110000,110000,100000,105000,106000,106000,114000,115000,116000,114000,115000,113000,114000,,,,157,157,142,142,157,157,142,150,151,151,162,164,165,162,164,161,162
"usa",57,"Amérique","United States of America","États-Unis",9640000,9640000,299100000,302200000,304500000,304800000,317000000,311700000,315800000,316200000,316200000,321200000,324100000,326500000,326800000,329100000,331000000,332000000,338000000,340000000,345400000,347000000,31,31,32,32,33,32,33,33,33,33,34,34,34,34,34,34,35,35,36,36
"eth",58,"Afrique","Ethiopia","Éthiopie",1106000,1106000,74800000,77400000,79100000,8280000,85000000,87100000,8650000,89200000,89200000,98100000,101800000,104300000,107500000,112100000,115000000,117000000,123400000,126500000,132000000,135400000,68,70,72,7,77,79,8,81,81,89,92,94,97,101,104,106,112,114,119,122
"fji",59,"Océanie","Fiji","Fidji",18000,18000,800000,900000,900000,800000,900000,900000,900000,900000,900000,900000,898000,903000,912000,890000,900000,903000,930000,936000,929000,933000,44,50,50,44,50,50,50,50,50,50,50,50,51,49,50,50,52,52,52,52
"fin",60,"Europe","Finland","Finlande",339000,339000,5300000,5300000,5300000,5300000,5300000,5400000,5400000,5400000,5400000,5500000,5500000,5500000,5600000,5500000,5500000,5500000,5500000,5500000,5600000,5600000,16,16,16,16,16,16,16,16,16,16,16,16,17,16,16,16,16,16,17,17
"fra",61,"Europe","France","France",550000,550000,63601000,63962000,64300000,64669000,64640000,65700000,65900000,66300000,66300000,66800000,66900000,67300000,67600000,67600000,67700000,67850000,67160000,67180000,68980000,69100000,116,116,117,118,118,119,120,121,121,121,122,122,123,123,123,123,122,122,125,126
"gab",62,"Afrique","Gabon","Gabon",268000,268000,1400000,1300000,1400000,1500000,1500000,1500000,1600000,1600000,1600000,800000,1800000,1800000,2100000,2200000,2200000,2200000,2400000,2400000,2500000,2500000,5,5,5,6,6,6,6,6,6,3,7,7,8,8,8,8,9,9,9,9
"gmb",63,"Afrique","Gambia","Gambie",11000,11000,1500000,1500000,1600000,1600000,1700000,1800000,1800000,1900000,1900000,2000000,2100000,2100000,2200000,2300000,2400000,2400000,2700000,2700000,2700000,2800000,136,136,145,145,155,164,164,173,173,182,191,191,200,209,218,218,245,245,245,255
"geo",64,"Europe","Georgia","Géorgie",70000,70000,4400000,4500000,4600000,4600000,4200000,4300000,4300000,4500000,4500000,3800000,4000000,4000000,3900000,4000000,4000000,3900000,3700000,3700000,3800000,3800000,63,64,66,66,60,61,61,64,64,54,57,57,56,57,57,56,53,53,54,54
"gha",65,"Afrique","Ghana","Ghana",239000,239000,22600000,23000000,23900000,23800000,24300000,25000000,25500000,26100000,26100000,27700000,28000000,28700000,29500000,30400000,31000000,31700000,33500000,34100000,34400000,35000000,95,96,100,100,102,105,107,109,109,116,117,120,123,127,130,133,140,143,144,146
"grc",66,"Europe","Greece","Grèce",132000,132000,11100000,11200000,11200000,11300000,11200000,11300000,11400000,11100000,11100000,11500000,11000000,10900000,11100000,10500000,10400000,10300000,10400000,10300000,10000000,9900000,84,85,85,86,85,86,86,84,84,87,83,83,84,80,79,78,79,78,76,75
"grd",67,"Amérique","Grenada","Grenade",334,334,,,,,,,,110000,110000,110000,107000,108000,108000,112000,113000,113000,125000,126000,117000,117000,,,,,,,,329,329,329,320,323,323,335,338,338,374,377,350,350
"gtm",68,"Amérique","Guatemala","Guatemala",109000,109000,13000000,13400000,13700000,14000000,14400000,14700000,15100000,15400000,15400000,16200000,16700000,17000000,17200000,17600000,17900000,18200000,17800000,18000000,18400000,18600000,119,123,126,128,132,135,139,141,141,149,153,156,158,161,164,167,163,165,169,171
"gin",69,"Afrique","Guinea","Guinée",246000,246000,9800000,10100000,10300000,10100000,10300000,10200000,10500000,11800000,11800000,11000000,12900000,13300000,13000000,12800000,13000000,13400000,13800000,14100000,14700000,15100000,40,41,42,41,42,41,43,48,48,45,52,54,53,52,53,54,56,57,60,61
"gnb",70,"Afrique","Guinea-Bissau","Guinée-Bissau",36000,36000,1400000,1700000,1700000,1600000,1600000,1600000,1600000,1700000,1700000,1800000,1900000,1900000,1900000,1900000,2000000,2000000,2100000,2100000,2200000,2200000,39,47,47,44,44,44,44,47,47,50,53,53,53,53,56,56,58,58,61,61
"gnq",71,"Afrique","Equatorial Guinea","Guinée-Équatoriale",28000,28000,500000,500000,600000,700000,700000,700000,700000,800000,800000,1800000,870000,894000,1300000,1400000,1400000,1400000,1700000,1700000,1800000,1900000,18,18,21,25,25,25,25,29,29,64,31,32,46,50,50,50,61,61,64,68
"guy",72,"Amérique","Guyana","Guyana",215000,215000,700000,800000,800000,800000,800000,800000,800000,800000,800000,700000,771000,774000,778000,783000,787000,790000,808700,814000,831000,836000,3,4,4,4,4,4,4,4,4,3,4,4,4,4,4,4,4,4,4,4
"hti",73,"Amérique","Haiti","Haïti",28000,28000,8500000,9000000,9100000,9200000,10200000,10100000,10300000,10400000,10400000,10900000,10800000,11000000,11100000,11300000,11400000,11500000,11600000,11700000,11700000,11900000,304,321,325,329,364,361,368,371,371,389,386,393,396,404,407,411,414,418,418,425
"hnd",74,"Amérique","Honduras","Honduras",112000,112000,7400000,7100000,7300000,7500000,7600000,7800000,7900000,8600000,8600000,8300000,8200000,8300000,9400000,9700000,9900000,10000000,10400000,10600000,10800000,11000000,66,63,65,67,68,70,71,77,77,74,73,74,84,87,88,89,93,95,96,98
"hun",75,"Europe","Hungary","Hongrie",93028,93028,10100000,10100000,10000000,10000000,10000000,10000000,9900000,9900000,9900000,9800000,9800000,9800000,9700000,9700000,9700000,9600000,9700000,10100000,9600000,9600000,109,109,107,107,107,107,106,106,106,105,105,105,104,104,104,103,104,109,103,103
"ind",76,"Asie","India","Inde",3291000,3291000,1121800000,1131900000,1149300000,1171000000,1214000000,1241300000,1258000000,1280000000,1280000000,1310000000,1320000000,1340000000,1360000000,1370000000,1380000000,1390000000,1410000000,1428000000,1450000000,1463000000,341,344,349,356,369,377,382,389,389,398,401,407,413,416,419,422,428,434,441,445
"idn",77,"Asie","Indonesia","Indonésie",1907000,1907000,225500000,231600000,239900000,243300000,232500000,238200000,244800000,248500000,248500000,255700000,260600000,263500000,266400000,270600000,273500000,276300000,275500000,277500000,283400000,285700000,118,121,126,128,122,125,128,130,130,134,137,138,140,142,143,145,144,146,149,150
"irn",78,"Asie","Iran","Irak",439000,439000,29600000,29000000,29500000,30000000,31500000,32700000,33700000,35100000,35100000,37100000,37500000,38700000,39300000,39300000,40200000,41100000,44400000,45500000,46000000,47000000,67,66,67,68,72,74,77,80,80,85,85,88,90,90,92,94,101,104,105,107
"irq",79,"Asie","Iraq","Iran",1635000,1635000,70300000,71200000,72200000,73200000,75000000,77900000,75600000,76500000,76500000,78500000,80000000,80900000,82000000,82900000,84000000,85000000,85500000,89100000,91000000,92400000,43,44,44,45,46,48,46,47,47,48,49,49,50,51,51,52,52,54,56,57
"irl",80,"Europe","Ireland","Irlande",70000,70000,4200000,4400000,4500000,4500000,4500000,4600000,4600000,4600000,4600000,4600000,4700000,4700000,4700000,4900000,4900000,4900000,5000000,5000000,5200000,5300000,60,63,64,64,64,66,66,66,66,66,67,67,67,70,70,70,71,71,74,76
"isl",81,"Europe","Iceland","Islande",103000,103000,300000,300000,300000,300000,300000,300000,300000,320000,320000,330000,332000,334000,338000,340000,341000,343000,373000,375000,393000,398000,3,3,3,3,3,3,3,3,3,3,3,3,3,3,3,3,4,4,4,4
"isr",82,"Asie","Israel","Israël",21000,21000,7200000,7300000,7500000,7600000,7300000,7900000,7700000,8100000,8100000,8400000,8200000,8300000,8400000,8500000,8500000,8800000,9000000,9100000,9300000,9500000,343,348,357,362,348,376,367,386,386,400,390,395,400,405,405,419,429,433,443,452
"ita",83,"Europe","Italy","Italie",302000,302000,59000000,59300000,59900000,60300000,60100000,60800000,61000000,59800000,59800000,62500000,59800000,59800000,59300000,60600000,60500000,60300000,59000000,58800000,59300000,59100000,195,196,198,200,199,201,202,198,198,207,198,198,196,201,200,200,195,195,196,196
"jam",84,"Amérique","Jamaica","Jamaïque",11000,11000,2700000,2700000,2700000,2700000,2700000,2700000,2800000,2700000,2700000,2700000,2800000,2800000,2900000,2900000,2900000,2900000,2900000,2800000,2800000,2800000,245,245,245,245,245,245,255,245,245,245,255,255,264,264,264,264,264,255,255,255
"jpn",85,"Asie","Japan","Japon",378000,378000,127800000,127700000,127700000,127600000,127000000,128100000,126400000,127300000,127300000,126900000,126300000,126000000,127200000,126900000,126500000,126000000,124000000,123300000,123700000,123100000,338,338,338,338,336,339,334,337,337,336,334,333,337,336,335,333,328,326,327,326
"jor",86,"Asie","Jordan","Jordanie",89000,89000,5600000,5700000,5800000,5900000,6500000,6600000,6500000,7300000,7300000,8100000,7700000,7900000,9900000,10100000,10200000,10200000,11300000,11300000,11500000,11500000,63,64,65,66,73,74,73,82,82,91,87,89,111,113,115,115,127,127,129,129
"kaz",87,"Asie","Kazakhstan","Kazakhastan",2720000,2720000,15300000,15500000,15700000,15900000,15800000,16600000,16400000,17000000,17000000,17500000,17800000,18100000,18400000,18600000,18800000,19000000,19400000,19600000,20500000,20800000,6,6,6,6,6,6,6,6,6,6,7,7,7,7,7,7,7,7,8,8
"ken",88,"Afrique","Kenya","Kenya",581000,581000,34700000,35000000,38000000,39100000,40900000,41600000,42700000,44200000,44200000,44300000,47200000,48500000,50900000,52600000,53800000,54900000,54000000,55100000,56400000,57300000,60,60,65,67,70,72,73,76,76,76,81,83,88,91,93,94,93,95,97,99
"kgz",89,"Asie","Kyrgyzstan","Kirghizstan",199000,199000,5200000,5200000,5200000,5300000,5600000,5600000,5400000,5700000,5700000,6000000,6000000,6100000,6100000,6400000,6500000,6600000,6600000,6700000,7100000,7200000,26,26,26,27,28,28,27,29,29,30,30,31,31,32,33,33,33,34,36,36
"kir",90,"Océanie","Kiribati","Kiribati",700,700,,,,,,,,110000,110000,110000,114000,116000,118000,120000,119000,121000,130000,134000,135000,137000,,,,,,,,157,157,157,163,166,169,171,170,173,186,191,193,196
"ksv",91,"Europe","Kosovo","Kosovo",11000,11000,,,,,,,2300000,1800000,1800000,1800000,1800000,1800000,1800000,1800000,1800000,1700000,1600000,1600000,1600000,1600000,,,,,,,209,164,164,164,164,164,164,164,164,155,145,145,145,145
"kwt",92,"Asie","Kuwait","Koweït",18000,18000,2700000,2800000,2700000,3000000,3000000,2800000,2900000,3500000,3500000,3800000,4000000,4100000,4200000,4200000,4300000,4300000,4200000,4300000,4900000,5000000,150,156,150,167,167,156,161,194,194,211,222,228,233,233,239,239,233,239,272,278
"brb",93,"Amérique","Barbados","La Barbade",400,400,300000,300000,300000,300000,300000,300000,300000,250000,250000,280000,285000,286000,286000,287000,290000,280000,282000,282000,282000,283000,750,750,750,750,750,750,750,625,625,700,712,715,715,718,725,700,705,705,705,708
"lao",94,"Asie","Laos","Laos",237000,237000,6100000,5900000,5900000,6300000,6400000,6300000,6400000,6700000,6700000,6900000,6900000,7000000,7000000,7200000,7300000,7400000,7500000,7600000,7700000,7800000,26,25,25,27,27,27,27,28,28,29,29,30,30,30,31,31,32,32,32,33
"lso",95,"Afrique","Lesotho","Lesotho",30000,30000,1800000,1800000,1800000,2100000,2100000,2200000,2200000,2200000,2200000,1900000,2100000,2200000,2300000,2100000,2100000,2100000,2300000,2300000,2300000,2300000,60,60,60,70,70,73,73,73,73,63,70,73,77,70,70,70,77,77,77,77
"lva",96,"Europe","Latvia","Lettonie",65000,65000,2300000,2300000,2300000,2300000,2200000,2200000,2200000,2000000,2000000,2000000,2000000,1900000,1900000,1900000,1900000,1800000,1800000,1800000,1800000,1800000,35,35,35,35,34,34,34,31,31,31,31,29,29,29,29,28,28,28,28,28
"lbn",97,"Asie","Lebanon","Liban",10000,10000,3900000,3900000,4000000,3900000,4300000,4300000,4300000,4800000,4800000,6200000,6000000,6000000,6100000,6900000,6800000,6700000,5400000,5300000,5800000,5800000,390,390,400,390,430,430,430,480,480,620,600,600,610,690,680,670,540,530,580,580
"lbr",98,"Afrique","Liberia","Liberia",111000,111000,3400000,3800000,3900000,4000000,4100000,4100000,4200000,4400000,4400000,4500000,4600000,4700000,4800000,4900000,5000000,5100000,5300000,5400000,5600000,5700000,31,34,35,36,37,37,38,40,40,41,41,42,43,44,45,46,48,49,50,51
"lby",99,"Afrique","Libya","Libye",1762000,1762000,5900000,6200000,6300000,6300000,6500000,6400000,6500000,6500000,6500000,6300000,6300000,6400000,6500000,6800000,6900000,6900000,6800000,6800000,7800000,7400000,3,4,4,4,4,4,4,4,4,4,4,4,4,4,4,4,4,4,4,4
"lie",100,"Europe","Liechtenstein","Liechtenstein",160,160,,,,,,,,40000,40000,40000,40000,40000,37366,40000,40000,38000,38200,39000,39800,40900,,,,,,,,250,250,250,250,250,234,250,250,238,239,244,249,256
"ltu",101,"Europe","Lithuania","Lituanie",65000,65000,3400000,3400000,3400000,3300000,3300000,3200000,3300000,3000000,3000000,2900000,2850000,2800000,2900000,2800000,2700000,2700000,2700000,2700000,2800000,2800000,52,52,52,51,51,49,51,46,46,45,44,43,45,43,42,42,42,42,43,43
"lux",102,"Europe","Luxembourg","Luxembourg",3000,3000,500000,500000,500000,500000,500000,500000,500000,540000,540000,600000,576000,584000,590000,616000,626000,635000,648000,655000,673000,680000,167,167,167,167,167,167,167,180,180,200,192,195,197,205,209,212,216,218,224,227
"mkd",103,"Europe","Macedonia","Macédoine du Nord",26000,26000,2000000,2000000,2000000,2000000,2000000,2100000,2100000,2100000,2100000,2100000,2100000,2100000,2100000,2100000,2100000,2080000,2080000,2000000,1800000,1800000,77,77,77,77,77,81,81,81,81,81,81,81,81,81,81,80,80,77,69,69
"mdg",104,"Afrique","Madagascar","Madagascar",588000,588000,17800000,18300000,18900000,19500000,20100000,21300000,21900000,22500000,22500000,23000000,24900000,25600000,26300000,27000000,27700000,28400000,29600000,30300000,31900000,32700000,30,31,32,33,34,36,37,38,38,39,42,44,45,46,47,48,50,52,54,56
"mys",105,"Asie","Malaysia","Malasie",330000,330000,26900000,27200000,27700000,28300000,27900000,28900000,29300000,29800000,29800000,30800000,30800000,31200000,32000000,31900000,32400000,32700000,33900000,34300000,35500000,35900000,82,82,84,86,85,88,89,90,90,93,93,95,97,97,98,99,103,104,108,109
"mwi",106,"Afrique","Malawi","Malawi",119000,119000,12800000,13100000,13600000,14200000,15700000,15900000,15900000,16300000,16300000,17200000,17700000,18300000,19200000,18600000,19100000,19600000,20400000,20900000,21600000,22200000,108,110,114,119,132,134,134,137,137,145,149,154,161,156,161,165,171,176,182,187
"mdv",107,"Asie","Maldives","Maldives",300,300,300000,300000,300000,300000,300000,300000,300000,360000,360000,350000,370000,376000,382000,500000,540000,544000,524000,34300000,528000,530000,1000,1000,1000,1000,1000,1000,1000,1200,1200,1167,1233,1253,1273,1667,1800,1813,1747,114333,1760,1767
"mli",108,"Afrique","Mali","Mali",1242000,1242000,13900000,12300000,12700000,13000000,13300000,15400000,16300000,15500000,15500000,16700000,18100000,18700000,19100000,19700000,20000000,20800000,22600000,23200000,24400000,25100000,11,10,10,10,11,12,13,12,12,13,15,15,15,16,16,17,18,19,20,20
"mlt",109,"Europe","Malta","Malte",300,300,400000,400000,400000,400000,400000,400000,400000,450000,450000,400000,420000,421000,432000,440000,442000,443000,533000,535000,540000,545000,1333,1333,1333,1333,1333,1333,1333,1500,1500,1333,1400,1403,1440,1467,1473,1477,1777,1783,1800,1817
"mar",110,"Afrique","Morocco","Maroc",447000,447000,31700000,31700000,31200000,31500000,32400000,32300000,32600000,33000000,33000000,34100000,34800000,35200000,36200000,36500000,36900000,37300000,37500000,37800000,38000000,38400000,71,71,70,70,72,72,73,74,74,76,78,79,81,82,83,83,84,85,85,86
"mhl",111,"Océanie","Marshall Islands","Marshall",200,200,,,,,,,,60000,60000,60000,60000,60000,60000,60000,60000,59000,59000,60000,60000,39000,,,,,,,,300,300,300,300,300,300,300,300,295,295,300,300,195
"mus",112,"Afrique","Mauritius","Maurice",2000,2000,1300000,1300000,1300000,1300000,1300000,1300000,1300000,1300000,1300000,1300000,1300000,1300000,1300000,1300000,1300000,1200000,1300000,1300000,1200000,1200000,650,650,650,650,650,650,650,650,650,650,650,650,650,650,650,600,650,650,600,600
"mrt",113,"Afrique","Mauritania","Mauritanie",1027000,1027000,3200000,3100000,3200000,3300000,3300000,3500000,3600000,3700000,3700000,3600000,4200000,4300000,4500000,4500000,4600000,4700000,4700000,4800000,5100000,5300000,3,3,3,3,3,3,4,4,4,4,4,4,4,4,4,5,5,5,5,5
"mex",114,"Amérique","Mexico","Mexique",1960000,1960000,108300000,106500000,107700000,109600000,110600000,114800000,116700000,117600000,117600000,127000000,128000000,128000000,130700000,127600000,129000000,130000000,128500000,128400000,130800000,131900000,55,54,55,56,56,59,60,60,60,65,65,65,67,65,66,66,66,66,67,67
"mda",115,"Europe","Moldova","Moldavie",34000,34000,4000000,3900000,4100000,4100000,3600000,4100000,3500000,4100000,4100000,4100000,4100000,4100000,4000000,4000000,4000000,4000000,3200000,3400000,3000000,2900000,118,115,121,121,106,121,103,121,121,121,121,121,118,118,118,118,94,100,88,85
"mco",116,"Europe","Monaco","Monaco",2,2,,,,,,,,33000,33000,40000,38400,38400,38308,40000,38308,38350,39500,39050,38300,38400,,,,,,,,16500,16500,20000,19200,19200,19154,20000,19154,19175,19750,19525,19150,19200
"mng",117,"Asie","Mongolia","Mongolie",1568000,1568000,2600000,2600000,2700000,2700000,2700000,2800000,2800000,2800000,2800000,3000000,3000000,3000000,3100000,3200000,3300000,3300000,3400000,3400000,3400000,3500000,2,2,2,2,2,2,2,2,2,2,2,2,2,2,2,2,2,2,2,2
"mne",118,"Europe","Montenegro","Monténégro",13812,13812,600000,600000,600000,600000,600000,600000,600000,600000,600000,600000,626000,626000,622387,628000,622400,628000,627000,626000,638000,633000,43,43,43,43,43,43,43,43,43,43,45,45,45,45,45,45,45,45,46,46
"moz",119,"Afrique","Mozambique","Mozambique",803000,803000,19900000,20400000,20400000,22000000,23400000,23100000,24500000,24300000,24300000,25700000,28700000,29500000,30500000,30400000,31200000,31100000,33000000,33900000,34600000,35600000,25,25,25,27,29,29,31,30,30,32,36,37,38,38,39,39,41,42,43,44
"mmr",120,"Asie","Myanmar","Myanmar",677000,677000,51000000,49800000,49200000,50000000,50500000,54000000,48700000,53300000,53300000,52100000,54400000,54800000,53800000,54000000,54400000,54800000,54200000,54500000,54500000,54800000,75,74,73,74,75,80,72,79,79,77,80,81,79,80,80,81,80,81,81,81
"nam",121,"Afrique","Namibia","Namibie",825000,825000,2100000,2100000,2100000,2200000,2200000,2300000,2400000,2400000,2400000,2500000,2500000,2600000,2600000,2500000,2500000,2500000,2500000,2600000,3000000,3000000,3,3,3,3,3,3,3,3,3,3,3,3,3,3,3,3,3,3,4,4
"nru",122,"Océanie","Nauru","Nauru",21,21,,,,,,,,10000,10000,10000,10000,11000,13000,13000,10800,10800,11000,12600,11900,11900,,,,,,,,476,476,476,476,524,619,619,514,514,524,600,567,567
"npl",123,"Asie","Nepal","Népal",147000,147000,26000000,27800000,27000000,27500000,29900000,30500000,31000000,26800000,26800000,28000000,28800000,29200000,29500000,28600000,29000000,29600000,30500000,30900000,29600000,29600000,177,189,184,187,203,207,211,182,182,190,196,199,201,195,197,201,207,210,201,201
"nic",124,"Amérique","Nicaragua","Nicaragua",130000,130000,5600000,5600000,5700000,5700000,5800000,5900000,6000000,6000000,6000000,6300000,6100000,6200000,6300000,6500000,6600000,6700000,6900000,7000000,6900000,7000000,43,43,44,44,45,45,46,46,46,48,47,48,48,50,51,52,53,54,53,54
"ner",125,"Afrique","Niger","Niger",1268000,1268000,14400000,14200000,14700000,15300000,15900000,16100000,16700000,16900000,16900000,18900000,20700000,21600000,22300000,23300000,24000000,25100000,26200000,27200000,27000000,27900000,11,11,12,12,13,13,13,13,13,15,16,17,18,18,19,20,21,21,21,22
"nga",126,"Afrique","Nigeria","Nigeria",925000,925000,134500000,144400000,148100000,152600000,158200000,162300000,166600000,174900000,174900000,181800000,186900000,191800000,195900000,201000000,206000000,211400000,218500000,223800000,232600000,237500000,145,156,160,165,171,175,180,189,189,197,202,207,212,217,223,229,236,242,251,257
"nor",127,"Europe","Norway","Norvège",324000,324000,4700000,4700000,4800000,4800000,4800000,5000000,5000000,5100000,5100000,5200000,5300000,5300000,5300000,5400000,5400000,5400000,5400000,5400000,5500000,5600000,15,15,15,15,15,15,15,16,16,16,16,16,16,17,17,17,17,17,17,17
"nzl",128,"Océanie","New Zealand","Nouvelle-Zélande",271000,271000,4100000,4200000,4300000,4300000,4300000,4400000,4500000,4500000,4500000,4600000,4500000,4600000,4700000,4800000,4800000,4900000,5200000,5200000,5200000,5200000,15,15,16,16,16,16,17,17,17,17,17,17,17,18,18,18,19,19,19,19
"omn",129,"Asie","Oman","Oman",213000,213000,2600000,2700000,2700000,3100000,2900000,3000000,2900000,4000000,3500000,4200000,4600000,4700000,4800000,4700000,5100000,5200000,4500000,4600000,5200000,5400000,12,13,13,15,14,14,14,19,16,20,22,22,23,22,24,24,21,22,24,25
"uga",130,"Afrique","Uganda","Ouganda",241000,241000,27700000,28500000,29200000,30700000,33800000,34500000,35600000,36900000,36900000,40100000,40300000,41700000,44300000,44300000,45700000,47100000,47200000,48500000,50000000,51300000,115,118,121,127,140,143,148,153,153,166,167,173,184,184,190,195,196,201,207,213
"uzb",131,"Asie","Uzbekistan","Ouzbékistan",448000,448000,26200000,26500000,27200000,27600000,27800000,28500000,28100000,30200000,30200000,31300000,30300000,30700000,32400000,33000000,33500000,33900000,34600000,35100000,36300000,37000000,58,59,61,62,62,64,63,67,67,70,68,69,72,74,75,76,77,78,81,83
"pak",132,"Asie","Pakistan","Pakistan",797000,797000,165800000,169300000,172800000,180600000,184800000,176900000,176900000,190700000,190700000,199000000,193000000,196700000,200700000,216600000,220900000,225200000,235800000,240500000,251200000,255200000,208,212,217,227,232,222,222,239,239,250,242,247,252,272,277,283,296,302,315,320
"plw",133,"Océanie","Palau","Palaos",500,500,,,,,,,,20000,20000,20000,20000,20000,21500,21500,18000,18000,18000,18000,18000,17700,,,,,,,,40,40,40,40,40,43,43,36,36,36,36,36,35
"","Round["""", 1]","Asie","","Palestine",6000,6000,,,,,,,,,,,,,,,,,,,,5500000,,,,,,,,"$Failed","$Failed","$Failed","$Failed","$Failed","$Failed","$Failed","$Failed","$Failed","$Failed","$Failed","$Failed",917
"pan",134,"Amérique","Panama","Panama",76000,76000,3300000,3300000,3400000,3500000,3500000,3600000,3600000,3900000,3900000,4000000,4000000,4000000,4200000,4200000,4300000,4300000,4400000,4400000,4500000,4500000,43,43,45,46,46,47,47,51,51,53,53,53,55,55,57,57,58,58,59,59
"png",135,"Océanie","Papua New Guinea","Papouasie-Nouvelle-Guinée",463000,463000,6000000,6300000,6500000,6600000,6900000,6900000,7200000,7200000,7200000,7700000,7700000,7900000,8400000,8800000,8900000,9100000,10100000,10300000,10500000,10700000,13,14,14,14,15,15,16,16,16,17,17,17,18,19,19,20,22,22,23,23
"pry",136,"Amérique","Paraguay","Paraguay",407000,407000,6300000,6100000,6200000,6200000,6500000,6600000,6700000,6800000,6800000,7000000,6700000,6800000,6900000,7000000,7100000,7200000,6800000,6800000,6900000,7000000,15,15,15,15,16,16,16,17,17,17,16,17,17,17,17,18,17,17,17,17
"nld",137,"Europe","Netherlands","Pays-Bas",41000,41000,16400000,16400000,16400000,16500000,16600000,16700000,16700000,16800000,16800000,16900000,16900000,17000000,17100000,17100000,17100000,17100000,17600000,17600000,18200000,18300000,400,400,400,402,405,407,407,410,410,412,412,415,417,417,417,417,429,429,444,446
"per",138,"Amérique","Peru","Pérou",1287000,1287000,28400000,27900000,27900000,29200000,29500000,29000000,29700000,30500000,30500000,31200000,31800000,32200000,32600000,32500000,33000000,33300000,33300000,34300000,34200000,34500000,22,22,22,23,23,23,23,24,24,24,25,25,25,25,26,26,26,27,27,27
"phl",139,"Asie","Philippines","Philippines",300000,300000,86300000,88700000,90500000,92200000,93600000,95700000,96500000,96200000,96200000,103000000,102200000,103800000,106500000,108100000,109600000,111000000,115600000,117300000,115800000,116000000,288,296,302,307,312,319,322,321,321,343,341,346,355,360,365,370,385,391,386,387
"pol",140,"Europe","Poland","Pologne",324000,324000,38100000,38100000,38100000,38100000,38100000,38200000,38300000,38500000,38500000,38500000,38500000,38600000,38100000,37900000,37800000,37800000,39900000,41000000,38500000,38100000,118,118,118,118,118,118,118,119,119,119,119,119,118,117,117,117,123,127,119,118
"prt",141,"Europe","Portugal","Portugal",92000,92000,10600000,10700000,10600000,10600000,10600000,10700000,10700000,10500000,10500000,10300000,10300000,10300000,10300000,10200000,10200000,10200000,10300000,10200000,10400000,10400000,115,116,115,115,115,116,116,114,114,112,112,112,112,111,111,111,112,111,113,113
"qat",142,"Asie","Qatar","Qatar",11000,11000,800000,900000,900000,1400000,1500000,1700000,1900000,2200000,2200000,2400000,2300000,2300000,2700000,2800000,2900000,2900000,2700000,2700000,3000000,3100000,73,82,82,127,136,155,173,200,200,218,209,209,245,255,264,264,245,245,273,282
"caf",143,"Afrique","Central African Republic","République centrafricaine",624000,624000,4300000,4300000,4400000,4500000,4500000,5000000,4600000,4700000,4700000,5600000,5000000,5100000,4700000,4700000,4800000,4900000,5600000,5700000,5300000,5500000,7,7,7,7,7,8,7,8,8,9,8,8,8,8,8,8,9,9,8,9
"cod",144,"Afrique","Democratic Republic of the Congo","République démocratique du Congo",2348000,2348000,62700000,62600000,66500000,68700000,67800000,67800000,69600000,71100000,71100000,73300000,79700000,82200000,84000000,86800000,89600000,92300000,99000000,102200000,109000000,112800000,27,27,28,29,29,29,30,30,30,31,34,35,36,37,38,39,42,44,46,48
"dom",145,"Amérique","Dominican Republic","République dominicaine",49000,49000,9000000,9400000,9900000,10100000,10200000,10000000,10200000,10300000,10300000,10500000,10600000,10800000,10900000,10700000,10800000,10900000,11200000,11300000,11400000,11500000,184,192,202,206,208,204,208,210,210,214,216,220,222,218,220,222,229,231,233,235
"cze",146,"Europe","Czech Republic","République tchèque",79000,79000,10300000,10300000,10400000,10500000,10500000,10500000,10600000,10500000,10500000,10600000,10600000,10600000,10600000,10700000,10700000,10700000,10500000,10400000,10700000,10600000,130,130,132,133,133,133,134,133,133,134,134,134,134,135,135,135,133,132,135,134
"rou",147,"Europe","Romania","Roumanie",239000,239000,21600000,21600000,21500000,21500000,21500000,21400000,21400000,21300000,21300000,19800000,19300000,19200000,19600000,19400000,19600000,19100000,19700000,19900000,19000000,18900000,90,90,90,90,90,90,90,89,89,83,81,80,82,81,82,80,82,83,79,79
"gbr",148,"Europe","United Kingdom","Royaume-Uni",245000,245000,60500000,61000000,61300000,6180000,61800000,62700000,62800000,64100000,64100000,65100000,65100000,65500000,66600000,67500000,67900000,68200000,67500000,67700000,69100000,69500000,247,249,250,25,252,256,256,262,262,266,266,267,272,276,277,278,276,276,282,284
"rus",149,"Europe","Russia","Russie",17095000,17095000,142300000,141700000,141900000,141800000,141200000,142800000,142700000,143500000,143500000,144300000,143400000,143400000,144000000,145900000,146000000,146000000,144700000,144400000,144800000,143900000,8,8,8,8,8,8,8,8,8,8,8,8,8,9,9,9,8,8,8,8
"rwa",150,"Afrique","Rwanda","Rwanda",26000,26000,9100000,9300000,9600000,9900000,10300000,10900000,11300000,11100000,11100000,11300000,11800000,12200000,12500000,12600000,12900000,13200000,13800000,14000000,14200000,14500000,350,358,369,381,396,419,435,427,427,435,454,469,481,485,496,508,531,538,546,558
"lca",151,"Amérique","Saint Lucia","Sainte-Lucie",1000,1000,,,,,,,,170000,170000,180000,186000,188000,4200000,183000,184000,184000,180000,180000,180000,180000,,,,,,,,170,170,180,186,188,4200,183,184,184,180,180,180,180
"kna",152,"Amérique","Saint Kitts and Nevis","Saint-Christophe-et-Niévès",400,400,,,,,,,,50000,50000,50000,50000,50000,54821,54000,53000,53000,53500,54700,54700,50000,,,,,,,,125,125,125,125,125,137,135,132,132,134,137,137,125
"vct",153,"Amérique","Saint Vincent and the Grenadines","Saint-Vincent-et-les-Grenadines",500,500,,,,,,,,110000,110000,110000,110000,110000,110000,111000,111000,111000,104000,104000,111000,100000,,,,,,,,220,220,220,220,220,220,222,222,222,208,208,222,200
"slb",154,"Océanie","Solomon Islands","Salomon",29000,29000,,,,520000,530000,600000,600000,580000,580000,600000,595000,606000,623000,670000,690000,704000,724000,740000,819000,839000,,,,18,18,21,21,20,20,21,21,21,21,23,24,24,25,26,28,29
"slv",155,"Amérique","El Salvador","Salvador",21000,21000,7000000,6900000,7200000,7300000,6200000,6200000,6300000,6300000,6300000,6400000,6100000,6200000,6400000,6500000,6500000,6500000,6300000,6300000,6300000,6300000,333,329,343,348,295,295,300,300,300,305,290,295,305,310,310,310,300,300,300,300
"wsm",156,"Océanie","Samoa","Samoa",28000,28000,,,,190000,180000,200000,200000,190000,190000,190000,195000,196000,198000,197000,198000,200000,222000,226000,218000,219000,,,,7,6,7,7,7,7,7,7,7,7,7,7,7,8,8,8,8
"smr",157,"Europe","San Marino","Saint-Marin",66,66,,,,,,,,30000,30000,30000,32000,32000,33328,33400,33600,34000,34000,35000,33600,34130,,,,,,,,455,455,455,485,485,505,506,509,515,515,530,509,517
"stp",158,"Afrique","Sao Tome and Principe","São-Tomé-et-Principe",1000,1000,200000,200000,200000,200000,200000,200000,200000,200000,200000,200000,194000,198000,209000,220000,220000,223000,223000,232000,236000,240000,200,200,200,200,200,200,200,200,200,200,194,198,209,220,220,223,223,232,236,240
"sen",159,"Afrique","Senegal","Sénégal",197000,197000,11900000,12400000,12700000,12500000,12900000,12800000,13100000,13500000,13500000,14700000,15600000,16100000,16300000,16300000,16700000,17100000,17300000,17700000,18500000,18900000,60,63,64,63,65,65,66,69,69,75,79,82,83,83,85,87,88,90,94,96
"srb",160,"Europe","Serbia","Serbie",102000,102000,9500000,9500000,7400000,7300000,7300000,7300000,7300000,7100000,7100000,7100000,8800000,8800000,8800000,8800000,8700000,8700000,7200000,7100000,6700000,6600000,93,93,73,72,72,72,72,70,70,70,86,86,86,86,85,85,71,70,66,65
"syc",161,"Afrique","Seychelles","Seychelles",500,500,100000,100000,100000,100000,100000,100000,100000,90000,90000,90000,97000,98000,95000,100000,100000,90000,107000,108000,130000,133000,200,200,200,200,200,200,200,180,180,180,194,196,190,200,200,180,214,216,260,266
"sle",162,"Afrique","Sierra Leone","Sierra Leone",72000,72000,5700000,5300000,5500000,5700000,5800000,5400000,6100000,6200000,6200000,6500000,6600000,6700000,7700000,7800000,8000000,8100000,8600000,8700000,8600000,8800000,79,74,76,79,81,75,85,86,86,90,92,93,107,108,111,112,119,121,119,122
"sgp",163,"Asie","Singapore","Singapour",600,600,4500000,4600000,4800000,5100000,4800000,5200000,5200000,5400000,5400000,5500000,5700000,5800000,5800000,5800000,5800000,5900000,6000000,6000000,5800000,5800000,7500,7667,8000,8500,8000,8667,8667,9000,9000,9167,9500,9667,9667,9667,9667,9833,10000,10000,9667,9667
"svk",164,"Europe","Slovakia","Slovaquie",49000,49000,5400000,5400000,5400000,5400000,5400000,5400000,5500000,5400000,5400000,5400000,5400000,5400000,5400000,5500000,5500000,5400000,5600000,5700000,5500000,5400000,110,110,110,110,110,110,112,110,110,110,110,110,110,112,112,110,114,116,112,110
"svn",165,"Europe","Slovenia","Slovénie",20000,20000,2000000,2000000,2000000,2000000,2000000,2100000,2000000,2100000,2100000,2100000,2100000,2100000,2100000,2100000,2100000,2100000,2100000,2100000,2100000,2100000,100,100,100,100,100,105,100,105,105,105,105,105,105,105,105,105,105,105,105,105
"som",166,"Afrique","Somalia","Somalie",638000,638000,8900000,8800000,9000000,9100000,9400000,9900000,9800000,10400000,10400000,11100000,11000000,11400000,15100000,15400000,15900000,16300000,16300000,18100000,19000000,19600000,14,14,14,14,15,16,15,16,16,17,17,18,24,24,25,26,26,28,30,31
"sdn",167,"Afrique","Sudan","Soudan",2509000,1861500,40200000,38600000,39400000,42300000,43200000,34900000,34900000,34200000,34200000,40900000,41100000,42200000,41500000,42800000,42800000,44900000,46900000,48100000,50400000,51600000,16,15,16,17,17,19,19,18,18,22,22,23,22,23,23,24,25,26,27,28
"ssd",168,"Afrique","South Sudan","Soudan du Sud",,647500,,,,,,8300000,8300000,9800000,9800000,12200000,12700000,13100000,12900000,11100000,11200000,11300000,10900000,11000000,11900000,12100000,,,,,,13,13,15,15,19,20,20,20,17,17,17,17,17,18,19
"lka",169,"Asie","Sri Lanka","Sri Lanka",66000,66000,19900000,20100000,20300000,20500000,20400000,20900000,20900000,20500000,20500000,20900000,20800000,20900000,21000000,21300000,21400000,21400000,21800000,21900000,23100000,23200000,302,305,308,311,309,317,317,311,311,317,315,317,318,323,324,324,330,332,350,352
"swe",170,"Europe","Sweden","Suède",450000,450000,9100000,9100000,9200000,9300000,9300000,9400000,9500000,9600000,9600000,9800000,10500000,10500000,10000000,10000000,10100000,10100000,10500000,10600000,10600000,10600000,20,20,20,21,21,21,21,21,21,22,23,23,22,22,22,22,23,24,24,24
"che",171,"Europe","Switzerland","Suisse",41000,41000,7500000,7500000,7600000,7800000,7600000,7900000,7700000,8100000,8100000,8300000,8400000,8500000,8500000,8600000,8600000,8700000,8700000,8700000,8900000,8900000,183,183,185,190,185,193,188,198,198,202,205,207,207,210,210,212,212,212,217,217
"sur",172,"Amérique","Suriname","Suriname",163000,163000,500000,500000,500000,500000,500000,500000,500000,600000,600000,600000,548000,552000,556000,581000,587000,592000,592000,623000,634000,640000,3,3,3,3,3,3,3,4,4,4,3,3,3,4,4,4,4,4,4,4
"swz",173,"Afrique","Eswatini (ex-Swaziland)","Eswatini (ex-Swaziland)",17000,17000,1100000,1100000,1100000,1200000,1200000,1200000,1200000,1200000,1200000,1300000,1300000,1300000,1400000,1100000,1100000,1100000,1200000,1200000,1200000,2500000,65,65,65,71,71,71,71,71,71,76,76,76,82,65,65,65,71,71,71,147
"syr",174,"Asie","Syria","Syrie",185000,185000,19500000,19900000,19900000,21900000,22500000,22500000,21100000,21900000,21900000,17100000,18600000,18900000,18300000,17100000,19400000,18200000,22100000,23200000,24600000,25600000,105,108,108,118,122,122,114,118,118,92,101,102,99,92,105,98,119,125,133,138
"tjk",175,"Asie","Tajikistan","Tadjikistan",143000,143000,7000000,7100000,7300000,7500000,7000000,7500000,7100000,8100000,8100000,8500000,8600000,8900000,9100000,9300000,9500000,9700000,10000000,10100000,10500000,10700000,49,50,51,52,49,52,50,57,57,59,60,62,64,65,66,68,70,71,73,75
"twn",176,"Asie","Taiwan","Taïwan",36000,36000,22800000,22900000,23000000,23100000,23100000,23200000,23300000,23400000,23400000,23500000,23400000,23400000,23700000,23800000,23800000,23800000,23900000,23900000,23200000,23100000,633,636,639,642,642,644,647,650,650,653,650,650,658,661,661,661,664,664,644,642
"tza",177,"Afrique","Tanzania","Tanzanie",946000,946000,36500000,38700000,40200000,43700000,45000000,46200000,47700000,49100000,49100000,52300000,55100000,56900000,59100000,58000000,58000000,61500000,65500000,67400000,68500000,70500000,39,41,42,46,48,49,50,52,52,55,58,60,62,61,61,65,69,71,72,75
"tcd",178,"Afrique","Chad","Tchad",1285000,1285000,10000000,10800000,10100000,10300000,11500000,11500000,11800000,12200000,12200000,13700000,14500000,15000000,15300000,15900000,16400000,16900000,17700000,18200000,20200000,21000000,8,8,8,8,9,9,9,9,9,11,11,12,12,12,13,13,14,14,16,16
"tha",179,"Asie","Thailand","Thaïlande",514000,514000,65200000,65700000,66100000,67800000,68100000,69500000,69900000,66200000,66200000,65100000,68100000,68300000,69200000,69600000,69800000,69900000,71700000,71800000,71600000,71900000,127,128,129,132,132,135,136,129,129,127,132,133,135,135,136,136,139,140,139,140
"tls",180,"Asie","Timor-Leste","Timor-Oriental",15000,15000,1000000,1000000,1100000,1100000,1200000,1200000,1200000,1100000,1100000,1200000,1200000,1200000,1300000,1300000,1300000,1300000,1300000,1300000,1400000,1400000,67,67,73,73,80,80,80,73,73,80,80,80,87,87,87,87,87,87,93,93
"tgo",181,"Afrique","Togo","Togo",57000,57000,6300000,6600000,6800000,6600000,6800000,5800000,6300000,6200000,6200000,7200000,7500000,7700000,8000000,8100000,8300000,8400000,8800000,9000000,9500000,9700000,111,116,119,116,119,102,111,109,109,126,132,135,140,142,146,147,154,158,167,170
"ton",182,"Océanie","Tonga","Tonga",700,700,,,,100000,100000,100000,100000,100000,100000,100000,107000,108000,109000,104000,106000,107000,107000,108000,104000,104000,,,,143,143,143,143,143,143,143,153,154,156,149,151,153,153,154,149,149
"tto",183,"Amérique","Trinidad and Tobago","Trinité-et-Tobago",5000,5000,1300000,1400000,1300000,1300000,1300000,1300000,1400000,1300000,1300000,1400000,1400000,1400000,1400000,1400000,1400000,1400000,1500000,1500000,1500000,1500000,260,280,260,260,260,260,280,260,260,280,280,280,280,280,280,280,300,300,300,300
"tun",184,"Afrique","Tunisia","Tunisie",164000,164000,10100000,10200000,10300000,10400000,10400000,10700000,10700000,10900000,10900000,11000000,11400000,11500000,11700000,11700000,11800000,11900000,12400000,12400000,12200000,12300000,62,62,63,63,63,65,65,66,66,67,70,70,71,71,72,73,76,76,74,75
"tkm",185,"Asie","Turkmenistan","Turkménistan",489000,489000,5300000,5400000,5200000,5100000,5200000,5100000,5200000,5200000,5200000,5400000,5400000,5500000,5800000,5900000,6000000,6100000,6400000,6500000,7400000,7600000,11,11,11,10,11,10,11,11,11,11,11,11,12,12,12,12,13,13,15,16
"tur",186,"Asie","Turkey","Turquie",776000,776000,73700000,74000000,74800000,74800000,75700000,74000000,74500000,76100000,76100000,78200000,79600000,80400000,82000000,83400000,84300000,85000000,85300000,85800000,87400000,87600000,95,95,96,96,98,95,96,98,98,101,103,104,106,107,109,110,110,111,113,113
"tuv",187,"Océanie","Tuvalu","Tuvalu",24,24,,,,,,,,10000,10000,10000,10000,10000,11000,11000,11600,11800,11800,11300,11300,10600,,,,,,,,417,417,417,417,417,458,458,483,492,492,471,471,442
"ukr",188,"Europe","Ukraine","Ukraine",604000,604000,46800000,46500000,46200000,46000000,45400000,45700000,44900000,45500000,42800000,42800000,44600000,44400000,44000000,150400000,43700000,43500000,39700000,36700000,37800000,38900000,77,77,76,76,75,76,74,75,71,71,74,74,73,249,72,72,66,61,63,64
"ury",189,"Amérique","Uruguay","Uruguay",178000,178000,3300000,3300000,3300000,3400000,3400000,3400000,3400000,3400000,3400000,3600000,3400000,3500000,3500000,3500000,3500000,3500000,3400000,3400000,3300000,3300000,19,19,19,19,19,19,19,19,19,20,19,20,20,20,20,20,19,19,19,19
"vut",190,"Océanie","Vanuatu","Vanuatu",12000,12000,,,,240000,250000,250000,300000,270000,270000,280000,270000,276000,282000,300000,300000,314000,327000,335000,328000,335000,,,,20,21,21,25,22,22,23,22,23,24,25,25,26,27,28,27,28
"ven",191,"Amérique","Venezuela","Venezuela",913000,913000,27000000,27500000,27900000,28400000,29000000,29300000,29900000,29700000,29700000,30600000,31500000,31900000,32300000,28500000,28400000,28700000,28700000,28800000,28400000,28500000,30,30,31,31,32,32,33,33,33,34,35,35,35,31,31,31,31,32,31,31
"vnm",192,"Asie","Vietnam","Viêt-nam",332000,332000,84200000,85100000,86200000,87300000,89000000,87900000,89700000,89700000,89700000,91700000,94400000,95400000,96500000,96500000,97300000,98100000,98200000,89800000,100900000,101500000,254,256,260,263,268,265,270,270,270,276,284,287,291,291,293,295,296,270,304,306
"yem",193,"Asie","Yemen","Yémen",529000,529000,21600000,22400000,22200000,22900000,24300000,23800000,25600000,25200000,25200000,26700000,27500000,28100000,28900000,29200000,29800000,30500000,33700000,34400000,40500000,41700000,41,42,42,43,46,45,48,48,48,50,52,53,55,55,56,58,64,65,77,79
"zmb",194,"Afrique","Zambia","Zambie",753000,753000,11900000,11500000,12200000,12600000,13300000,13500000,13900000,14200000,14200000,15500000,16700000,17200000,17600000,17900000,18300000,18900000,20000000,20500000,21300000,21900000,16,15,16,17,18,18,18,19,19,21,22,23,23,24,24,25,27,27,28,29
"zwe",195,"Afrique","Zimbabwe","Zimbabwe",391000,391000,13100000,13300000,13500000,12500000,12700000,12100000,13000000,13000000,13000000,17400000,16000000,16300000,16900000,16000000,14900000,15000000,16300000,16600000,16600000,16900000,34,34,35,32,32,31,33,33,33,45,41,42,43,41,38,38,42,42,42,43
